absent,id,name,size,letter_1,letter_2,letter_3,letter_4,letter_5,letter_6,letter_7,letter_8,letter_9,letter_10,letter_11,letter_12,letter_13,letter_14,letter_15,letter_16,letter_17,letter_18,letter_19,letter_20,letter_21,rotation_1,rotation_2,rotation_3,rotation_4,rotation_5,rotation_6,rotation_7,rotation_8,rotation_9,rotation_10,rotation_11,rotation_12,rotation_13,rotation_14,rotation_15,rotation_16,rotation_17,rotation_18,rotation_19,rotation_20,rotation_21,x_1,x_2,x_3,x_4,x_5,x_6,x_7,x_8,x_9,x_10,x_11,x_12,x_13,x_14,x_15,x_16,x_17,x_18,x_19,x_20,x_21,y_1,y_2,y_3,y_4,y_5,y_6,y_7,y_8,y_9,y_10,y_11,y_12,y_13,y_14,y_15,y_16,y_17,y_18,y_19,y_20,y_21
false,1,21_present_37.jpg,21,O,Q,Q,Q,Q,Q,Q,Q,Q,Q,Q,Q,Q,Q,Q,Q,Q,Q,Q,Q,Q,,,270,,90,270,180,,270,180,180,180,270,90,90,90,180,270,90,180,180,334.71265390547273,857.975309503368,973.0667642070945,151.6784925096232,1840.0575414742405,1556.0035175139158,1806.9171035424438,1704.1701445315941,643.8111296866176,1378.4683358250745,71.43621925298613,1260.121839397489,754.761536327098,1864.686678045916,1310.1792720823653,1972.486572976317,1202.1608787457692,674.8077508940949,1163.0912865230546,519.2320718941116,605.0908406188504,801.6998408965939,470.84782141851827,351.05604428992245,1094.3254847536414,953.8016069874511,249.03310600336238,631.1667440366242,476.29163923549265,778.2758512373239,105.91615698533424,411.304804654069,879.5296460398391,1056.417091716998,790.3022619157929,1074.882025023829,174.4423161061448,77.91651475905576,61.69869438492237,452.85971721644114,342.833782127456,934.3046568142954
true,1,21_absent_37.jpg,21,Q,Q,Q,Q,Q,Q,Q,Q,Q,Q,Q,Q,Q,Q,Q,Q,Q,Q,Q,Q,Q,,,,,270,180,,180,180,,180,180,90,90,180,,90,180,180,180,,1858.1492806210229,1226.4157721391741,2099.3109430242857,248.23587063705725,39.02684899943863,857.4883019781205,1954.0541808396551,1199.894139906414,744.3029702298744,371.7013796144034,1654.8507526359706,825.7765196488257,119.4480361184056,478.2101501551901,259.4041570825172,1677.1737717641777,556.3849340212471,1356.703189026329,1065.4805495710843,2085.630313021507,1596.8737292519365,1126.162064738315,648.3490812529993,378.76375670740094,667.5451130267681,631.3092340858373,890.3222091024754,252.46704304925566,168.20425530516297,1023.1059960663191,182.2714647776874,147.58226727658558,606.65007524039,450.0312998826078,702.0179702923584,1160.495819586698,931.8573608213662,1035.752226533015,1100.912990585946,613.5651370147039,975.0505096521367,568.8977507199711
false,2,21_present_38.jpg,21,O,Q,Q,Q,Q,Q,Q,Q,Q,Q,Q,Q,Q,Q,Q,Q,Q,Q,Q,Q,Q,90,180,90,90,90,270,,90,90,180,,,270,270,270,,,90,90,,90,244.27422238366833,1064.7940602870551,481.93454140581423,2023.6676184210362,1357.7917036622305,1222.5156874464155,542.543790773352,1619.075678260007,678.4387105933649,447.6273601740396,1090.8982537861584,1861.9197367017268,779.2504354679745,1166.6658587834283,1625.2906957144498,1650.3063349906154,1041.8804364639072,1461.7400744568747,2112.400164851019,1008.4229655672544,348.39333547719804,905.5898632486295,911.5683452958526,461.40414452876837,398.45525463186596,1128.458978252951,634.1382655335759,669.027191284928,602.7920325840896,877.0745327229429,1033.6993079645945,451.14644680370577,387.28634431170667,1079.9313051690713,255.2981595287762,247.75912274986433,1095.3910442768329,1205.738273955483,708.6683807973753,159.85757226887637,102.01763870663017,558.6817447292841
true,2,21_absent_38.jpg,21,Q,Q,Q,Q,Q,Q,Q,Q,Q,Q,Q,Q,Q,Q,Q,Q,Q,Q,Q,Q,Q,90,180,90,,,180,180,90,90,90,180,,180,180,270,,270,270,180,,270,928.2278251978065,1570.7752276703357,1168.464126812007,1775.0751087768144,875.9817927620398,1551.568686155618,1073.4133056362423,879.3436503097893,1105.8444498007643,665.8164813835333,1870.5931365848937,1269.5399711957398,1935.2977978901338,1898.0880540921544,670.2616210314998,1226.8323460423624,930.9108476602972,403.37746460045867,1214.4950618270896,516.6512099818798,2022.2206192909068,622.9636980384689,973.1257144852076,1096.2040449573535,839.1373007662584,837.0090662644028,154.04757010108267,335.629154944474,413.0159029212621,651.9732989363847,1047.591414049244,720.8447412959562,609.5353383724142,1138.7974207839209,113.12027989381579,400.1226609625705,77.629301411625,977.0111340539333,361.51375379631645,434.65644428340585,467.34794505575496,284.3646650613979
false,3,21_present_39.jpg,21,O,Q,Q,Q,Q,Q,Q,Q,Q,Q,Q,Q,Q,Q,Q,Q,Q,Q,Q,Q,Q,,90,180,,180,,270,90,,270,,,90,270,270,180,,270,,270,270,155.44353680264967,164.80372333330112,1327.7492596154198,180.3462744455138,599.8907291156422,766.7465856598088,1454.4821530098152,392.31593852371026,1359.8387368218455,1887.6597999057315,1328.4311552179313,1563.810293202036,701.868269921371,812.3862818715064,1709.0285425092693,1692.2415840163578,447.93376754384565,932.7447979296858,1624.2964811531438,1438.8400789452276,174.02718965520836,129.3890021909544,439.7477874332531,885.0193836504685,1127.2886881848005,566.9424093884412,52.62076515217068,997.1664077363837,903.8134550968651,566.2988623509347,670.1985495540694,1157.2968535400175,132.71192295108648,1144.6398046718791,748.5830294489307,524.8290337056579,54.69071704693407,92.30569061767113,78.00285905629673,1162.0602766292855,717.8239588333473,610.5814318851702
true,3,21_absent_39.jpg,21,Q,Q,Q,Q,Q,Q,Q,Q,Q,Q,Q,Q,Q,Q,Q,Q,Q,Q,Q,Q,Q,180,,270,270,90,270,270,90,,180,270,90,90,,,90,90,,270,,90,1337.0834694049267,2024.4146803468093,1470.8275998614693,120.49730080316121,1456.0351613366681,931.5361368279732,2083.3736554599313,708.5834611288104,1303.578498261755,829.8550938797282,1234.4849996882733,1498.7835286595441,1406.5669688852877,291.93829408249616,358.4837627708027,1608.6041349830468,2152.6640420196272,1885.438702994009,130.840409024034,637.7956308680712,916.9772862509701,992.5175596759523,329.5271108001932,566.8863351442502,458.5585816532048,896.1316770045611,619.0854893583992,960.7445383816213,752.0416463952718,100.87656706395137,1123.2866712972088,364.46341513270306,128.29264370498973,737.940740619242,720.574968925213,977.7762562147552,826.3018794535016,735.2681246269229,1018.6314126116857,675.6899775996045,1175.3954534026543,227.48923174443325
false,4,21_present_40.jpg,21,O,Q,Q,Q,Q,Q,Q,Q,Q,Q,Q,Q,Q,Q,Q,Q,Q,Q,Q,Q,Q,,180,,180,90,180,270,270,270,270,180,90,90,,270,270,,270,90,,90,158.87539947427408,1057.678479542653,1928.2609951171257,1463.1278447322597,1217.2053673549976,679.6911528381041,1536.7621075311515,1058.2570918543488,1061.2048816164422,1000.7997885918047,2061.923636870181,2101.452874151708,1267.3299014080862,2055.2365019996673,997.0229284279774,2035.299440827918,703.8973447585254,1810.883317345889,1238.4325011805113,511.47346420800676,1057.7852197233126,561.9998487786501,501.1660026647194,896.3429919743899,474.36291614837364,1194.2520115878092,634.1477687708314,833.0830075737866,681.024642158948,902.083093073096,321.2298096508803,173.700033404193,526.6948388673853,979.8556791529803,701.1752863629822,165.01637207069237,1212.269209098601,435.928560289105,1131.1927544823768,378.66712273027235,932.7798133566841,1118.2024365155808
true,4,21_absent_40.jpg,21,Q,Q,Q,Q,Q,Q,Q,Q,Q,Q,Q,Q,Q,Q,Q,Q,Q,Q,Q,Q,Q,90,180,180,90,,270,,180,,270,90,,180,180,270,,180,,,270,180,1744.9939977839758,1287.7111754511552,1185.5378990727322,61.41588220679872,140.93301768738758,2002.0455851026054,1932.213439984512,1583.5880688408224,1826.2334585846381,949.1867678941333,430.4178814135142,1796.3677549703998,2142.946190471383,214.05932837314506,1316.3948724689633,1044.91538929211,2028.9377777257619,177.85233399080752,1795.763699883964,1729.0258387019446,704.156760767024,864.7908464764878,461.7316337149324,605.0772153009309,537.3097854720623,947.4277076522214,1100.1623024783041,827.2663639433204,831.7796360190744,1166.0728726247007,209.56804793665268,364.8890873424013,156.5560154431364,667.546394199899,521.6400506774683,716.5632534098398,1169.8833576530715,151.1485078601807,312.8261528190354,584.1435785009267,1041.7299781412596,959.2222208409689
false,5,21_present_41.jpg,21,O,Q,Q,Q,Q,Q,Q,Q,Q,Q,Q,Q,Q,Q,Q,Q,Q,Q,Q,Q,Q,90,90,180,180,,,90,,180,270,90,270,180,,,90,270,,90,90,270,2143.6757700919966,1288.6661495820956,1129.061788380462,579.3455455782208,1865.464212217003,1150.4314077967729,1896.9301492426364,1540.7617104988637,1731.7030256862124,501.29848745163133,1419.830080279555,671.6969015466995,970.4803016484078,194.7734699601387,1675.4016157392737,268.17775906280434,1724.4929382911182,41.398653671359355,1314.5865116863854,1410.1334679180993,666.15259930629,537.8234642450313,326.47693186431377,556.8862733988519,709.3999251361008,858.8024867458438,178.97958833380412,708.788456664732,684.3456644242174,369.56236701805034,43.92962426208319,45.10764233510739,586.7009245469035,567.1775197346745,760.2880871388215,1071.5954312796696,450.9281006560614,549.3868697298093,793.6268091315874,1208.7140158086706,450.9220468215594,407.28737113931464
true,5,21_absent_41.jpg,21,Q,Q,Q,Q,Q,Q,Q,Q,Q,Q,Q,Q,Q,Q,Q,Q,Q,Q,Q,Q,Q,270,180,180,,,90,,,,180,180,90,90,270,180,90,,180,,,90,2007.2088848296573,543.5303313754557,893.5972502433411,44.17530149876514,389.8329231096644,553.5582652036193,1644.5699007559617,723.4055565320837,245.40206830792118,227.17700651682057,1412.142902345433,824.470141954354,45.47122047902676,465.80219035952007,1892.2024010534665,2055.834797368405,1484.580534362495,2107.4547374387785,1005.5945232384726,574.8855294578206,2057.9426695057855,1030.1822293660846,530.6091340578622,39.23013117151542,541.1828979010538,1090.5752959567558,203.24816658587514,761.050036209823,1176.7800475514134,958.3803730934437,309.62962384535666,419.8778322343785,799.3419724136775,1004.3486229944288,843.0129404439934,821.3646188163856,149.45833340207048,167.41377898104093,612.099169879578,968.1064134807699,32.837445466047384,405.989515404242
false,6,21_present_42.jpg,21,O,Q,Q,Q,Q,Q,Q,Q,Q,Q,Q,Q,Q,Q,Q,Q,Q,Q,Q,Q,Q,,180,180,90,,90,,,90,180,180,,,180,270,,90,180,90,90,270,265.1744301399446,1559.3284181373658,1573.5899564373367,2132.636190902345,212.1727362619718,851.1405262889347,692.9226182758252,102.52465700048118,1828.7077844849643,1165.7323684777014,1856.0586154293376,813.7728720104388,999.4635265163026,1170.457434647222,300.7011184652196,1172.0393457337598,437.5947077037765,935.8064076612593,2111.2436788347636,973.1768229774133,96.77473983647396,399.56406809822516,254.95313594021545,1035.5914907941913,144.54011137774557,655.0000523791505,353.11656396288777,989.2691604177004,758.4689104161719,229.1936958332816,749.0269030856242,601.5576785137564,566.3866279061691,1019.5211581146347,1022.1514791216488,132.12349211954827,191.64927591203835,313.65622835589716,818.712260298507,996.1090566888776,142.52231630211665,1117.025850476158
true,6,21_absent_42.jpg,21,Q,Q,Q,Q,Q,Q,Q,Q,Q,Q,Q,Q,Q,Q,Q,Q,Q,Q,Q,Q,Q,180,,90,270,180,180,,,180,180,,270,90,180,270,180,270,270,180,,90,888.9541669836168,1220.0255333658756,1214.2723176283898,545.805304638273,617.9432722488682,2111.2504597717443,259.6986354534102,173.82659461485542,928.5647966546846,2169.386659359129,1089.5131278043611,1855.6565209716587,225.99331582547987,827.0846336828369,2067.260343707494,309.85463471485696,1438.800331755106,2118.116896453223,1502.4282218200572,478.77583583263635,634.9314131129469,1155.2403034666809,315.1867396349381,1216.584515408661,427.6474112640458,1036.446009705797,587.532223575419,260.50978946757533,673.3434811961387,939.0492338817363,448.3531467591043,1114.7946464061038,741.0689422824768,903.410536132764,580.2750598135178,231.08682402888715,565.803128924284,596.2837185027358,43.507278583460874,870.234518803964,1164.9013103618074,120.6046301442229
false,7,21_present_43.jpg,21,O,Q,Q,Q,Q,Q,Q,Q,Q,Q,Q,Q,Q,Q,Q,Q,Q,Q,Q,Q,Q,,180,,180,270,270,90,,270,180,270,270,90,180,,,180,,90,90,180,90.44452730631699,2103.4548049322707,2092.734116100544,268.33850194596545,1790.9293818149958,1129.2809440304334,135.35399800157757,982.1529756228703,269.6316528144712,1551.487049534614,1534.0592947782245,555.9491817323853,1484.6568143928646,1050.3988437370056,1732.2882918778264,93.78557956048819,2045.1222761004788,1535.6733339672235,248.58310831892342,1442.4460691167196,1056.1145094383119,290.60534000059454,230.90418732457817,926.3945293358189,552.6719076823761,47.83247025092419,924.0969899779467,1207.612307802402,338.03809653667525,769.0017864099805,799.556521363478,1137.0128012741711,652.8850162041872,241.80283839212362,1159.6395929541443,1012.2875382127594,537.9167763610418,575.4321587028793,621.5713275714866,977.074352897852,451.387399362132,511.97383765713226
true,7,21_absent_43.jpg,21,Q,Q,Q,Q,Q,Q,Q,Q,Q,Q,Q,Q,Q,Q,Q,Q,Q,Q,Q,Q,Q,90,270,180,180,,270,180,90,270,,90,90,,90,270,180,180,,270,90,,1419.1568640435357,1306.2225050488555,1932.0946710761839,2068.878134514976,619.9373109641552,1013.2056173119003,435.58719763686156,1067.952354260631,248.16374798237382,882.9449799769351,1328.289843913334,1844.2825351868162,1511.836387486609,639.3150936998956,425.36094981803785,183.94940842086265,110.73997654378181,90.73563470641997,1856.341727694835,261.8853968072087,1164.488001902641,1046.0905676034406,285.73375535460576,913.7009829775192,1013.3695119514208,938.6764787662694,1006.8751640089457,638.6900775850793,210.66144079428943,1025.3630187617728,658.5610264903053,705.5580755121957,384.8206798599252,243.67818517066127,761.2969530241786,1029.4849518990172,365.30895422648035,37.67961843201745,1029.9636457672761,219.29748595959975,144.9602523609203,532.9500958379093
false,8,21_present_44.jpg,21,O,Q,Q,Q,Q,Q,Q,Q,Q,Q,Q,Q,Q,Q,Q,Q,Q,Q,Q,Q,Q,180,,90,180,90,180,180,90,270,270,,180,180,90,270,,180,270,90,,180,1578.598749168109,399.67372726053657,596.9818574710926,1642.3287398800744,903.1377239294352,178.3382692982312,432.60220178808686,1238.921448302363,1331.0326029990601,993.839312675131,1918.5573163097233,747.2105338980261,82.92465161566844,853.4418310000896,1162.506959462468,2043.0079106529188,1234.2164104695512,288.75029350466775,1483.895366187624,1952.20553505712,555.5619719188767,970.8664465437936,913.8395066312411,812.8365705894297,691.4784566699236,93.06698251337147,885.2334124882938,1206.164843417743,1030.864990801163,410.49653710550774,573.6194228961783,152.16824039215288,1056.388577523767,79.83369304817161,833.2266995439203,866.7122343607028,1077.880111164227,547.4554018212341,201.85994818126994,82.02125608460787,927.7942264106542,310.613857686112
true,8,21_absent_44.jpg,21,Q,Q,Q,Q,Q,Q,Q,Q,Q,Q,Q,Q,Q,Q,Q,Q,Q,Q,Q,Q,Q,270,270,270,180,90,180,270,,,90,270,90,180,90,,270,270,270,,270,90,885.2834194645252,1489.164978423615,645.734178923207,747.791824851233,308.9240157651898,1511.3717778327932,987.6938532241091,1904.3818467245617,1980.5142733567006,1774.019130024294,745.415606539861,353.6665667263731,1197.1440053904967,912.5589991539574,432.7690833631868,2025.567744114194,400.46217601674437,44.14344653152118,169.9439052093765,652.1307812503228,2053.8381898591156,95.10171202292833,378.48266113733484,519.0677768864838,1123.7967752857676,1053.6797838396317,676.6121513859655,340.43777025673126,1044.168376653005,306.946434662429,311.19361934976524,265.7440328300481,107.0925245206808,375.6802618352084,537.5683300204628,1139.8469760128348,1150.6264181638596,563.6397763066914,865.7717346331292,541.3991618432201,146.94445330701632,508.72610195630995
false,9,21_present_45.jpg,21,O,Q,Q,Q,Q,Q,Q,Q,Q,Q,Q,Q,Q,Q,Q,Q,Q,Q,Q,Q,Q,,90,90,270,180,90,90,180,180,270,,180,90,,,180,90,180,180,270,180,136.49190641442428,1008.7185499128362,1853.7612351371117,1598.761752399809,510.78330173336656,191.54853359400832,2025.6415107161172,1619.1235763549237,929.8409440601158,104.06338477446168,1220.5385994478372,879.7585036490564,1025.315141896263,721.4584457445529,72.19558125361796,1226.8194645181102,884.6713377903445,1403.8462206818238,950.4121924221744,1811.531191168834,1779.089447570766,68.24959504749401,1015.6337371440619,785.1830336294569,574.0777714390069,1065.030727593405,1049.0505848933597,1073.1557752717918,45.60476869760216,464.2851190301045,530.211790739141,357.9911938538238,929.9584218279106,746.370626080684,582.1840147746893,877.3696969966982,1009.9179164766881,237.1871433165462,248.63867470383772,48.24608079775472,638.24350752302,1142.979842155866
true,9,21_absent_45.jpg,21,Q,Q,Q,Q,Q,Q,Q,Q,Q,Q,Q,Q,Q,Q,Q,Q,Q,Q,Q,Q,Q,270,180,180,270,,270,180,90,270,90,90,,90,180,270,,,180,270,90,270,1060.083476576067,2120.3588721547803,935.3898714457092,628.9281228583656,1253.3514464169593,739.6689700830318,1249.4810746497706,351.4421900594475,787.5431349300501,502.34973183997715,1177.498424399641,825.8406127468382,1872.843572574389,1480.5140412287017,2149.38213452264,531.4161104149704,1580.0840570871476,260.47331235611733,2122.516769798677,895.503009313906,975.162231920653,286.33772750981336,258.96908287993404,1111.2594870378914,948.0525702022974,31.902843511591172,628.1749897256835,1091.1276553956764,991.1735802839503,433.1417778014326,56.483019897346495,849.5533329417218,943.5310881815293,216.24757895491038,1079.5282453348323,538.6709710730217,624.8065259524641,869.2237829427402,558.2035238293545,844.5144336014155,209.09007478017523,643.1421688760788
false,10,21_present_46.jpg,21,O,Q,Q,Q,Q,Q,Q,Q,Q,Q,Q,Q,Q,Q,Q,Q,Q,Q,Q,Q,Q,90,,180,180,90,,,,,270,90,90,,,180,,,,90,,90,1072.8487473319537,2074.8279756943853,2157.9984293623606,1280.0694097732373,1473.680077405452,954.5475575642336,516.3288922419889,765.3591087017214,336.820038568731,1311.429694221863,1924.8905850169717,455.7414299469788,1808.679653239876,345.7999609700621,1352.8688666966036,862.4340135563474,1930.8492841784193,72.23428449979212,866.5262506215603,2129.407140921485,723.083828416349,79.08578920178184,123.26979351388073,330.7009495736174,518.8042632879323,505.5027383502223,880.5372735118589,570.0698615151409,107.24342529890491,837.0796909402095,982.819099019858,1141.024518419972,1124.4344275807005,801.3948144355073,456.82735485410575,1146.3399788989598,703.7731244176692,966.53446689971,549.089533447685,1203.6699932850433,1164.098933446638,527.949305498494
true,10,21_absent_46.jpg,21,Q,Q,Q,Q,Q,Q,Q,Q,Q,Q,Q,Q,Q,Q,Q,Q,Q,Q,Q,Q,Q,,,270,180,270,,90,270,90,90,180,,,180,,90,180,180,270,180,90,1266.6582756331345,426.7964904774582,90.56239544262769,1611.202769122223,139.6660866446139,30.483656921750104,850.7978288995743,2017.3419135415108,823.9178901688077,273.79195555904244,342.9645559936719,1819.9617193658237,314.00769564144605,1846.1753740185354,916.8217653538923,1353.080820258341,649.944885364937,2154.9862182567767,1542.5629759478807,1318.8693751153376,125.13777731320239,879.5063595868332,654.4821918252184,316.48657802753803,973.0160999405724,772.0714915547619,611.9994308212262,643.8898724002978,548.8058918415778,1076.669435526293,381.98073543817935,1109.091255815692,529.881739518864,847.3643271670705,1065.8967668797648,889.2630549891193,77.83289034121704,333.7129192033722,274.3638060006387,416.45456132687747,1082.6191655631421,492.90114469942995
false,11,21_present_47.jpg,21,O,Q,Q,Q,Q,Q,Q,Q,Q,Q,Q,Q,Q,Q,Q,Q,Q,Q,Q,Q,Q,270,90,90,180,270,180,270,90,180,90,,,270,90,180,90,,90,270,90,,933.6540570198579,1806.9858800834493,815.0003679408968,558.7378517371986,1198.3946324061656,2146.0985323039,2132.0900811051624,65.63256172137635,420.39907026188894,604.340629161169,215.9109108694485,241.83985826302091,271.0155133438579,699.469389476631,163.90745023802958,1246.750223364288,528.961937337341,1602.9457163511618,700.9605758132815,1327.38304600624,1988.5125756527555,647.5203769015314,1113.1065875119814,440.5117719275012,265.62841234170435,904.5494490072778,458.4268325289489,1081.0204944541547,853.3516909996566,1054.3963154321095,488.7066361556019,797.3448663064917,54.10395530643236,1030.1266579336664,1188.5178757322087,192.47865313609114,626.8680873800283,622.5179447165826,147.5706284269393,207.5794419251095,86.57311708543364,141.20260472672953
true,11,21_absent_47.jpg,21,Q,Q,Q,Q,Q,Q,Q,Q,Q,Q,Q,Q,Q,Q,Q,Q,Q,Q,Q,Q,Q,,90,,180,,180,270,90,270,,90,90,,270,90,90,180,,90,180,180,1199.4422638812339,1999.808709600159,243.1822745250617,1378.3610913646987,1963.588719600103,2029.7246952700625,1849.1907266967278,1649.8197745497102,614.6266132341457,1854.275330497951,1469.4294146303582,501.7269779349079,40.817225013843974,1712.5688660711437,1346.1030529343045,985.0842437591756,692.8013586850473,1575.22760061171,1064.4701543151666,1130.6059848657137,853.8576939740182,291.49451402914417,927.9111609842266,344.26094799934856,918.1778319520101,394.73801925565573,765.9799470954717,634.5151237960462,433.42755499797323,820.0905677840126,40.44580987444674,736.290242672725,359.78586758989155,753.4652819399168,962.7567320328601,1102.6224724076162,66.41404818802322,450.38695836744967,220.23589236447037,957.471320870239,635.281678352074,385.25040322139574
false,12,21_present_48.jpg,21,O,Q,Q,Q,Q,Q,Q,Q,Q,Q,Q,Q,Q,Q,Q,Q,Q,Q,Q,Q,Q,180,,,180,,180,270,,180,270,90,180,270,90,180,180,,90,90,180,,2151.844008244345,786.7958135336396,124.40083298267122,31.264844918989798,256.37320744308,1978.838619421282,646.0679735027798,1727.8542623258538,1777.2218169421376,471.3408241305647,1311.115471570917,468.74137906259193,1424.1286200682323,1276.3763397556934,901.1675159707667,219.54446731668037,358.96487882985275,997.7011572885584,341.0236718333008,116.53706570561582,1532.0448032633867,923.1650763608295,981.260273640028,1134.2789166526507,620.4528155868891,153.2163614057211,781.2937194254815,778.0601235632589,697.0397407753867,978.8565375866232,374.6159013827388,1157.5538934129142,728.6567876059866,1031.6738282966007,330.2569775338959,681.1833807219597,893.5577380530566,1110.0046844692083,1134.7706587357884,580.5292904214873,751.5098182729251,235.59237501119378
true,12,21_absent_48.jpg,21,Q,Q,Q,Q,Q,Q,Q,Q,Q,Q,Q,Q,Q,Q,Q,Q,Q,Q,Q,Q,Q,270,90,180,270,,,270,90,270,180,270,180,180,90,180,270,270,180,90,270,,1016.8808748226825,2079.543174526755,1404.2996823332774,482.36929606404806,1170.9477605945244,1081.514885871744,586.8359586548338,442.13862248036094,1096.9867690852232,1150.8575493795665,1170.6086573491211,1190.2738883401435,212.061080362801,1786.2082249773805,865.9236284728502,60.69590632427091,562.246060401517,1952.0352960322618,254.9168344559775,1420.991812393753,1818.68955449868,800.3207918498912,175.5123117912949,348.0717069370331,515.9629599953386,595.0595448813737,1219.1214699071904,1146.2145624028574,1014.5284291327691,355.75958233725333,68.69543547510654,1065.1355638494497,896.1346417933819,1130.8749477765305,1030.9512395921129,520.6805887898774,178.9893394307343,875.6857340764751,395.33291782622547,214.453438556855,629.5940665797953,530.5925372411172
false,13,21_present_49.jpg,21,O,Q,Q,Q,Q,Q,Q,Q,Q,Q,Q,Q,Q,Q,Q,Q,Q,Q,Q,Q,Q,180,,90,,180,,180,,,90,180,90,180,90,270,270,180,,270,,,1650.0780753853048,599.7137588921598,310.32647391239345,1527.245273932949,1386.1664266421078,1942.3962333751101,721.4044715099153,576.4798769409283,47.51950828528497,715.4227991994111,284.49158676040025,259.9628698610489,321.23305551880424,2108.9284857445546,1243.827406429477,1239.996336618099,1337.2746150953296,87.26436076897141,1128.2795681979856,1904.2980057479383,1870.3882687468097,441.36889594029145,1091.9437159204242,292.24889196018927,254.15715277128243,677.410232999682,456.53599397135036,651.3985458935704,92.92336034610882,972.708442067985,326.0240552247218,984.6496700177945,833.5288224936635,664.6940005062471,511.1640414870583,1032.4384358026023,826.0659781647676,1216.9683959220897,724.2067520611811,309.55354893924675,705.4516064264341,1079.3075014113329
true,13,21_absent_49.jpg,21,Q,Q,Q,Q,Q,Q,Q,Q,Q,Q,Q,Q,Q,Q,Q,Q,Q,Q,Q,Q,Q,,180,,270,180,,270,270,,270,,270,90,,270,90,270,,180,90,180,1446.4209809046088,1299.2594779014914,182.99523516755193,2162.607992384351,528.2416393019349,715.8762852938667,1039.9853745306066,489.1671840185567,1782.6792937356204,998.8174521864634,466.5202164819969,1037.0818832424081,67.62212072987701,1260.608399550617,2064.5280251320355,1987.437604635153,656.4911252437287,367.05377416946016,1782.0808481286458,1620.6149074707464,863.6039074864844,971.2330149301376,1153.9228171370955,1160.6941364255124,876.4015867871858,242.58699759294595,986.6307830987845,277.690658232726,811.2355008432743,260.7523198255832,979.9409291439323,633.5641930146904,720.3550541868897,790.9718656886399,690.110962571458,248.2443831684855,70.22179604679351,830.0870146870418,149.45370418232488,474.04121526912536,983.6559671911788,122.59453919194362
false,14,21_present_50.jpg,21,O,Q,Q,Q,Q,Q,Q,Q,Q,Q,Q,Q,Q,Q,Q,Q,Q,Q,Q,Q,Q,180,180,90,90,90,180,180,90,90,,90,,90,270,,90,90,,90,,270,692.0743329301166,158.72276595672483,119.00490604214684,826.1219982248008,1032.8372595897279,1283.0599042347499,1610.1040116124316,1887.5611654667953,307.8611713091413,1103.6032108383008,1889.489402641725,1318.8029768539507,672.0335316206636,233.76414684452232,1518.4255702609726,1202.5954386901108,1936.8455715285988,391.3965898749034,633.0369511237866,1158.8455949552651,2107.1419292788987,693.2613849311708,671.7259460873943,43.472444384708155,156.7389106363651,1041.601420897151,596.0496863532541,163.85617206982866,726.6837886985578,1211.427846461539,130.7061201319612,560.917499651708,64.88709960182054,1118.3714334095657,863.9301565127258,433.71267676206554,729.0081740850582,191.0621716488395,473.75715987562654,35.475094389222086,301.38002557928064,390.1430434354053
true,14,21_absent_50.jpg,21,Q,Q,Q,Q,Q,Q,Q,Q,Q,Q,Q,Q,Q,Q,Q,Q,Q,Q,Q,Q,Q,90,90,270,180,,270,,,270,90,90,,270,,90,90,180,270,270,,,1099.3920610892403,1889.647801410048,110.45074484006419,1848.4638995598955,278.9771246637694,113.38386701375605,1916.8416534130292,2125.7958597252996,1752.047790155664,1557.6422747205045,301.123310945165,1821.4415913592877,2138.7189778943743,45.24514503931974,488.92806204719045,504.9539443754973,1017.5909686462857,462.90923661285626,2052.6468368902783,1269.4475196473295,1286.385970463183,614.4112156829871,574.1989568273492,889.8751186579851,388.6832923966144,207.5188884004245,71.67837311003733,903.664905568472,617.6311619081093,1183.0747246691994,185.72188687959402,978.3227239695044,1034.7282065702832,849.3309115529227,426.1477639889316,434.6024176460794,98.93856281233016,61.17827575774448,940.3507913083481,1049.5631094347627,1189.300735573306,439.95496561888694
false,15,21_present_51.jpg,21,O,Q,Q,Q,Q,Q,Q,Q,Q,Q,Q,Q,Q,Q,Q,Q,Q,Q,Q,Q,Q,90,,,180,,270,90,180,,,90,180,180,90,,270,270,,270,270,,1538.9972566952024,812.8958255336305,815.1387520402219,640.9642195552076,139.28893269602395,1168.0411554311715,658.6658439058825,384.128327638485,236.62177670965505,216.29676191094967,1759.8601633005296,1378.4599573949893,1884.5363189675568,1556.3537265943694,1514.1940202031835,1038.3710909140998,935.0088380006084,1954.387403414407,2088.659013369699,1626.0443511788317,823.9270114302999,1216.4386682058303,313.21449233854935,748.206209129067,681.7133659300054,746.8185059273694,1219.1035302065404,939.7672837516835,73.58081328972754,565.2352872101266,988.0795978458967,909.4602264548063,192.37942280839525,564.2851602944285,887.2076388123218,676.0510761045347,813.5598744047518,519.9326327680287,321.55400901689615,199.36948014302374,46.83241425357421,1160.314579551843
true,15,21_absent_51.jpg,21,Q,Q,Q,Q,Q,Q,Q,Q,Q,Q,Q,Q,Q,Q,Q,Q,Q,Q,Q,Q,Q,270,90,270,180,180,270,,270,,,180,270,90,90,180,180,90,270,270,270,270,1037.06628379898,2038.1338224387214,985.3016291030575,534.8798218576918,328.94976118859154,910.1980713962896,1589.1914253743707,680.6332364869328,1986.6633455463755,1236.1161479323346,2123.925592749938,1920.1481903933343,207.6211767324898,548.4141229149388,401.1996060474176,688.8016018751057,1495.253679971097,243.97267592556443,569.6319793089355,258.6168266671116,1550.1050889728958,833.8287132391506,809.9081566605693,318.5849387755149,263.15387365530046,338.7772770367564,1187.0977609382242,549.7102698543963,822.1739306737838,524.5513169862905,1050.251998869727,1065.0824098273251,1000.3037042175181,533.3772650910132,1170.0358299207853,137.39906088721858,652.2064060314775,964.0984196121394,813.1809257123717,88.28883237816831,38.99677856668282,149.32800907103888
false,16,21_present_52.jpg,21,O,Q,Q,Q,Q,Q,Q,Q,Q,Q,Q,Q,Q,Q,Q,Q,Q,Q,Q,Q,Q,90,,,180,270,270,270,90,,270,90,180,270,,90,90,90,270,,180,,773.0780830529013,486.21203477979185,1613.4049935294483,442.3160684387178,1565.7275594082662,1019.8300130496796,2161.952488154313,1194.8835931749907,1749.2013972262985,839.3270545881286,1525.6832978746404,1349.5944215067875,1988.6854819029247,678.8094283825744,2155.1649575723754,2068.1717261045433,1381.3643458229024,99.50718632772029,704.3548616206739,345.48084200493633,871.248172142326,133.94542926918217,753.1730463349018,986.3974592220534,1113.7144842047205,376.8954109143238,815.6660372172911,297.9707956416136,1213.7569078371787,468.1540924565278,908.3352945807504,827.826395386144,727.2546860450349,608.6267630097827,289.45575222302347,1171.6161698907435,1027.0003149851696,125.96323582055813,389.9128860185122,643.7174719704036,233.7060932095325,345.36534400230386
true,16,21_absent_52.jpg,21,Q,Q,Q,Q,Q,Q,Q,Q,Q,Q,Q,Q,Q,Q,Q,Q,Q,Q,Q,Q,Q,270,180,90,90,270,180,90,,180,90,,90,90,,,,90,,270,180,,1528.3780136100822,489.7398748596295,260.4984214519209,1199.4674502217315,544.4896884493905,1252.6973011591183,1796.1938776211853,839.0487699021866,700.9407495906288,1549.9556313872454,1854.0774071573048,1152.218250066757,1934.6664394778925,1448.7778854649275,1604.7900894807979,2065.7668446885427,2076.262266652722,2022.9476010587541,1851.7633437812958,469.0047192657469,2048.1084912946912,210.7768516784414,952.9380526414564,476.5473021402272,522.9211909153908,118.31601752651078,720.5125450166994,164.11937505137448,558.8849362353468,283.7551508156927,524.6687757234666,1012.2312986479845,1156.497788454928,1175.2582210316777,1195.1457550051286,897.5593919047434,691.7439819662629,247.0263474344825,503.4641703614848,479.96947482009443,624.358457660056,953.4596857813046
false,17,21_present_53.jpg,21,O,Q,Q,Q,Q,Q,Q,Q,Q,Q,Q,Q,Q,Q,Q,Q,Q,Q,Q,Q,Q,180,,,,,270,90,180,180,90,270,,,270,,,90,,180,,180,133.57292729520543,846.1607788000135,2068.857696028989,1663.4210703659758,418.760389147151,1631.23274561717,158.661365309104,553.3312002836358,1056.8785203807615,1526.401170030257,493.6346983902862,600.937746384832,1794.2505648523484,1346.792616865457,941.0728546009005,1923.3394949674375,1166.3530580322947,929.7026128510554,2019.4968441256758,1223.5770667926006,2051.332121177729,997.7564570133171,279.24997092872275,400.57577206982666,1001.4163004589241,1133.503583124234,746.412587438057,360.40612378024,317.520497513665,221.85635308166752,349.9472682455598,711.8681761839305,64.03411274034404,101.66957299642704,801.9439436707643,101.64432669085343,980.655742602396,792.8325381737889,1027.7502529498483,728.7062172764266,192.3185570697583,1160.3839862177012
true,17,21_absent_53.jpg,21,Q,Q,Q,Q,Q,Q,Q,Q,Q,Q,Q,Q,Q,Q,Q,Q,Q,Q,Q,Q,Q,,,,180,90,180,180,270,90,,180,,,270,270,,180,180,,270,90,1406.7825298145344,846.3651553753891,693.9197043522404,141.29240566089422,350.15300979898046,1038.33462804979,228.63571581452143,139.6889189699922,484.2018538144902,1256.327354810586,579.2306010230734,1227.2635651892256,1572.4247745162536,1893.2472132335577,968.6689124775197,1136.9328969331839,314.6982501451407,1051.8873394025686,1240.2550292943151,573.0348794469712,2122.5882611394277,121.26106776163769,240.5311561985385,417.008436636099,122.27016999356077,633.7513133410202,499.98079530438724,258.5294111105849,731.0007120308385,83.74242664064391,286.979963043138,545.1190787206444,937.9773962028892,341.5429452410251,895.1619581783182,72.43255877401184,776.7495262376794,833.1027114487694,255.26037377517324,479.3530653875727,1179.1812888420184,75.29623899390769
false,18,21_present_54.jpg,21,O,Q,Q,Q,Q,Q,Q,Q,Q,Q,Q,Q,Q,Q,Q,Q,Q,Q,Q,Q,Q,,270,180,90,,270,,90,180,270,,90,90,90,270,90,180,,180,,,1990.8506218110836,1943.2401055227967,1271.2179140393146,601.7742181095458,296.4807891640355,2125.0697298820814,2147.628292553062,844.5994184518919,959.6455527954444,1979.0731037120145,670.0023255535459,664.6794175902447,338.01695000883035,253.4348329922993,273.9425766364721,1045.3789846184081,1712.6416624507451,383.40281042678896,532.4403377980824,528.7801816967152,482.39988745039363,361.6197293513232,1120.898309864967,665.2122612675126,42.217937710341545,80.94166170357187,578.1803470222935,1006.6027598733385,959.4526405115006,773.8741682341896,177.01958005841456,427.3962985442561,688.0914898056717,808.8278707983432,554.48701894213,1174.4932343733306,426.20119921775665,1109.593859019455,1028.853579756044,1163.767248704614,915.2262718740783,316.76783594193347
true,18,21_absent_54.jpg,21,Q,Q,Q,Q,Q,Q,Q,Q,Q,Q,Q,Q,Q,Q,Q,Q,Q,Q,Q,Q,Q,90,,180,180,90,,90,270,,180,180,90,180,180,,90,,180,180,180,270,1296.7826261093487,908.2633663618984,1163.2906448618476,2161.4077102957804,1667.3246651443962,1976.8097092930843,1283.157690789832,45.276574673881996,175.2849423224555,763.0673131882115,270.3678151051695,1156.1595096873475,1033.0686977804748,1157.1082945969365,729.999179214947,683.9432126455876,1414.9853610658326,538.5369512355514,123.86578253358604,1003.3270291424654,1905.6079985482638,648.4732185414907,952.5648894882222,283.31749872765903,552.0765847707618,751.3484231754436,454.42293877241605,1187.5506297005822,1152.1122829639974,258.9678401283629,405.4410887418708,499.8903626205828,789.8814496061129,199.6539874434572,940.2135607680268,704.0175934274198,848.1529098249441,398.5136279197443,900.6903620986653,428.38946542824607,356.95664755209634,1042.3895194149816
false,19,21_present_55.jpg,21,O,Q,Q,Q,Q,Q,Q,Q,Q,Q,Q,Q,Q,Q,Q,Q,Q,Q,Q,Q,Q,180,,90,270,180,180,270,270,,,270,,,90,,,,,90,180,180,1490.2659751069648,1174.5009048990673,2017.5943269997194,2032.9665383453405,273.82608798474905,1308.1442116429382,1491.3007728120235,1861.323398730545,245.41258861876435,817.645843053614,1149.2687620376769,1107.347628286606,284.835310835362,987.6298302793068,2108.093814376708,900.963527760281,1697.8551212631342,167.90849352962636,103.03066122694884,2152.350632415402,1446.1064138245567,266.65307052651326,509.0316233812484,762.2963872876618,36.5194557263368,455.08213620632233,172.49584532973816,1012.4391507430062,950.6505626970621,1060.5408322622015,1054.7252858469533,1118.63132728139,228.54540692913594,145.91919279931363,334.10890488003884,330.0585877175688,87.71231822300052,778.6591809907605,678.1658017202338,541.4944100498032,559.2582873539332,715.4332125722713
true,19,21_absent_55.jpg,21,Q,Q,Q,Q,Q,Q,Q,Q,Q,Q,Q,Q,Q,Q,Q,Q,Q,Q,Q,Q,Q,,,90,,,270,90,270,270,,,270,270,180,180,180,270,90,,180,90,2039.01404899867,1904.876709465489,1405.4043964789869,111.35103975860434,896.3278878864987,1173.0069762454677,1568.770310882347,1697.4077632668082,1551.2077156855698,1365.5234598887162,1751.3006606014924,433.8408647018473,558.0488777833513,429.89495823054983,1071.687815543201,153.83112520043295,300.01277450041863,128.9876147222596,404.678754037568,994.446835822376,721.795290925543,109.805091761829,703.5178455512287,709.5527755204275,843.6833083332288,371.2172301894448,852.3811768024217,432.1687019274026,969.6492175034601,806.3314544188182,447.789443205118,672.048262253031,1188.0123059753275,760.5418650090851,171.54998444044972,301.050541595915,510.4832298182238,1081.9094591945939,1136.950260984617,635.1201080549998,766.565789764776,482.9525540482479
false,20,21_present_56.jpg,21,O,Q,Q,Q,Q,Q,Q,Q,Q,Q,Q,Q,Q,Q,Q,Q,Q,Q,Q,Q,Q,180,180,,270,180,,270,90,270,180,,90,90,,90,,180,270,,90,270,819.5560758601581,1365.7535102098934,562.5408413873312,1648.0947982051812,393.9564309400398,789.1651006668845,1498.107160473589,2091.649465505702,1978.8594394506572,1379.14779336766,87.36074058349277,991.146093317618,1943.2661829398817,2048.7729171519786,465.0788945890971,1635.502395116866,1514.2679543282497,2032.5088252250891,292.27997196413844,1069.7594243010767,1034.6701464717014,200.79642989292324,828.0592558901476,981.2714389230781,670.229823365775,868.7151161772233,691.0427440950759,71.30973967959142,728.278401743043,1050.5951190212045,527.1661571281413,974.1386015805404,639.773000129569,156.0712753779059,897.1834601348036,411.3691158464647,359.2101541988771,1166.0685507462272,535.0604711438101,630.7337364503057,210.91224244181666,1209.382244535371
true,20,21_absent_56.jpg,21,Q,Q,Q,Q,Q,Q,Q,Q,Q,Q,Q,Q,Q,Q,Q,Q,Q,Q,Q,Q,Q,180,180,,,,,90,270,90,90,180,180,,90,270,180,,180,270,,180,811.4979075772247,1171.6450978351313,563.7605804407583,890.0935586467388,412.87861696714884,1087.687176137855,1234.2544742601217,2110.165852247587,261.644574453183,1247.7832022336256,1139.8433031904012,1809.5512377252626,748.8084913043707,1866.204762964153,134.80161016410727,258.6367035251954,733.8865993699058,490.3369558450541,78.18592946182297,1789.6242062788467,373.7589372096025,89.98507471626365,1040.6082517543011,815.8802000403748,310.9980196522064,172.49747353804247,418.867347665656,798.7594943261678,352.72732074652646,174.22971596353835,477.5694951678505,255.93295538358345,542.4410339915248,394.1471500676552,830.8628892359019,341.69707336162423,874.0349522067892,707.7273218719885,667.7479298710548,1026.8223851533085,1216.899163089965,454.76235968440136
false,21,21_present_57.jpg,21,O,Q,Q,Q,Q,Q,Q,Q,Q,Q,Q,Q,Q,Q,Q,Q,Q,Q,Q,Q,Q,,270,90,180,180,90,270,,,270,270,90,180,270,270,180,,90,90,90,90,1359.2563598737618,930.1176640561796,46.940250759394964,2163.832687153232,2048.8711120885664,473.7330048639173,1703.6352312472418,2093.053219251533,1554.8061321683872,1907.241312849399,1625.5084192050558,1749.2189211026837,1932.7538301870418,1172.3267807671336,1948.2937786614434,227.52598543133846,1606.4643743239305,43.02677663776038,578.7213254993842,2133.2922565531676,1288.27287306112,522.8586910084754,677.3461265498881,402.3341812605402,1146.2954240890388,289.47289056423466,1093.6652584536268,112.56763484639775,1010.2574111162052,1145.88369374268,1028.9194061642615,812.2666130998715,1171.7510593419906,509.1382413332524,343.41505335438393,813.7339668380012,657.71569089913,478.9180150843006,208.09874517380007,493.2047170320125,791.2488283406241,1010.2818038993095
true,21,21_absent_57.jpg,21,Q,Q,Q,Q,Q,Q,Q,Q,Q,Q,Q,Q,Q,Q,Q,Q,Q,Q,Q,Q,Q,270,180,180,270,270,90,180,180,90,180,180,180,270,270,180,270,270,180,180,270,180,992.696617269624,804.5924702727905,1374.9133947041473,1719.2424455936643,510.11698000982847,2126.93025010294,376.75928629411817,1160.6261504936217,948.4234108849372,220.55343427115096,772.4868843053811,2119.059785346756,1545.3762707019382,1741.890202722622,1285.3220770792518,1919.4118675469422,201.82959567721514,1562.6914053394646,1578.7432586964721,507.6040641021213,1871.915955354734,248.01495693993564,968.1877113802881,997.5539081144888,254.78337543378777,693.7555016630662,1100.2982223424788,806.3614014204318,515.1445371020877,558.4335864120368,857.9706877402272,1114.7847815217826,835.7412324086816,729.027097189873,851.2473981044077,142.7007394283311,201.4770181292605,322.43424109706405,1117.3813999901608,924.691344253572,403.5746692673092,1214.3635670275664
false,22,21_present_58.jpg,21,O,Q,Q,Q,Q,Q,Q,Q,Q,Q,Q,Q,Q,Q,Q,Q,Q,Q,Q,Q,Q,,180,270,270,180,,180,270,90,180,,90,270,90,,90,,270,,180,,936.3426937834497,303.6923148871784,1905.9240916959639,145.3200728258165,2100.2435424430537,332.6806076005354,254.76079149038492,1947.3666057556597,1509.395329618747,951.8882280014274,661.6585994996323,503.40830849567044,40.2438832891371,1749.739634660787,1583.0393902377898,1950.2152161034,385.1080405417969,501.5124773558816,1895.0193970647233,1312.3513172113226,106.2529332789806,1038.0722888261312,74.23523641465424,43.41490207747989,491.0680064622447,997.5644826149627,1184.4355444444832,903.6649161318835,858.7251441919361,214.1120130177321,456.50486794916065,908.9234855513606,611.0586895263373,731.9630647716343,308.45690298683644,436.0116400942513,600.8174408450448,991.6318258444574,60.63209913764523,1026.0683365242578,318.80137239298443,188.88841721418302
true,22,21_absent_58.jpg,21,Q,Q,Q,Q,Q,Q,Q,Q,Q,Q,Q,Q,Q,Q,Q,Q,Q,Q,Q,Q,Q,90,90,270,,90,,270,90,,270,90,180,,90,,,90,180,90,90,180,301.40048359725824,1942.3904294245497,1862.4952941645474,508.5268403297447,190.27377715373507,1319.4313894710328,1822.9308004524123,1075.1975576132875,31.186982857091515,656.7438119812062,856.5386259258006,1304.9177600741664,1334.419824076566,2090.201841258942,275.86816961627085,1017.3325963771883,814.1540583631044,1605.3967015571666,1599.2807820536661,1442.3566961635079,876.7330965674564,414.25754413579233,1210.3713155313553,347.5145836123722,643.1048295862211,613.6721958846545,46.76056771429737,661.627105458174,441.13351946619775,976.9549258286747,458.467918729692,989.0742965324062,724.785843014372,1041.2140033810847,214.06289560161107,1072.541124316843,149.07113186817173,657.8075854722496,208.70430045723808,946.6443929487481,401.81758569242777,1207.5499964568965
false,23,21_present_59.jpg,21,O,Q,Q,Q,Q,Q,Q,Q,Q,Q,Q,Q,Q,Q,Q,Q,Q,Q,Q,Q,Q,270,90,270,90,270,,90,,270,180,180,270,180,90,,180,180,180,90,90,90,391.54442965377285,754.3456425989402,1373.6705323332671,1371.5971726752296,225.56187923352869,207.51405981635855,2094.5512827334474,1505.5038927270211,366.0106961260758,924.8547376250777,89.05322675426812,1962.5203690638823,1650.1862525260851,1061.5136919177553,62.70797474415528,1797.0583073083008,1190.4522852961627,322.26175417301846,2135.2165232704297,1394.3914081085418,582.0069128711488,133.96929579505584,485.0572100904507,693.1490186426417,158.89276876429187,190.4344951921802,562.7033914218435,1196.6207893913427,1138.0762174456438,958.2166317775415,1135.487309063459,59.31655159479243,171.2993361008755,349.8589023676138,1013.3476701287597,296.6793341756316,1119.0594765668377,856.4936642084317,366.62531663743533,418.66639244173666,884.2333236637832,1117.1280118714621
true,23,21_absent_59.jpg,21,Q,Q,Q,Q,Q,Q,Q,Q,Q,Q,Q,Q,Q,Q,Q,Q,Q,Q,Q,Q,Q,270,90,270,180,,,,,270,90,270,270,90,270,,180,90,90,180,90,270,1553.0798364530795,1290.7101586123267,1208.2424649371808,1113.496881109068,1313.8889739401586,1805.9279013481673,300.6075035084216,442.16148079208267,649.07812400916,1607.4526989135124,1532.2045473843602,1036.5094483781213,580.5751629908041,2139.016694770149,1999.7445922483785,706.8792919541452,500.5360263523807,1849.1077522699738,1342.136586949414,1468.446077786984,1987.5459910437662,1009.1407935990657,124.84495528097412,996.5817980158889,418.67437861471626,460.8896960649897,888.3496072142347,613.9505336392317,398.1558197089075,717.6354505324454,524.6329342185385,1168.3860461860797,904.3193036763755,1161.4937159225271,1214.3876369308064,364.0745309648047,563.6126007420922,106.80418291156624,549.0422161290478,283.98735774383454,627.8184840461373,117.61107473608895
false,24,21_present_60.jpg,21,O,Q,Q,Q,Q,Q,Q,Q,Q,Q,Q,Q,Q,Q,Q,Q,Q,Q,Q,Q,Q,270,180,180,180,270,,270,,180,180,,,180,270,180,90,90,180,,90,,180.36252361429302,1654.2572136209658,1579.7533167035544,191.81503966818764,1847.1991190580966,647.587480786895,299.56433745476215,2037.0222197171659,1073.691544651414,599.731594024498,487.29474035247,1820.3630140371113,707.9413262168266,1078.9052685455067,1573.8746012763092,897.1729131327176,1227.258037761445,751.0040338772129,273.93748008793443,1430.3689250146103,404.26817612065236,1058.2800523488447,202.7575976430915,941.4910975952708,834.7757322135491,1219.8090031694796,1064.290150198603,47.14343239790614,911.6893369424214,713.0887983102815,586.4837898352396,108.29207187272371,328.03216934898546,867.5951223235476,293.17078845286363,417.09841093710037,89.21292823253546,243.41683586125902,205.22639588212405,406.0199686182706,464.9507845422088,793.8954205762111
true,24,21_absent_60.jpg,21,Q,Q,Q,Q,Q,Q,Q,Q,Q,Q,Q,Q,Q,Q,Q,Q,Q,Q,Q,Q,Q,270,90,270,90,,180,,90,270,270,,180,180,90,180,,,270,90,270,90,1479.0392602603608,1366.8687519892017,1034.9629774632122,1100.0739431572638,978.1189297457479,1670.4263885774383,522.5533308453022,682.4057651517207,1366.8242848298305,1186.3184414519808,1890.7119631493326,1601.7453385412707,2073.102671111283,818.3912678073484,763.2695315672214,1406.9302310273479,2161.0001522307853,61.05880871477161,1746.422754943755,421.0445239328858,1449.9541086362372,1052.8405609743115,898.9348880081366,728.8313970663021,40.543143987831485,163.85527382898778,341.9988621964529,1044.0335166403281,402.70465328749975,1212.0912180060664,628.4509595941585,561.0335463562027,586.7577679601019,30.495594296262862,636.5103100302264,256.2069638863357,684.0438664438827,521.0175498573791,614.6588007548165,197.60817590168705,243.5409025108007,124.39186606801877
false,25,21_present_61.jpg,21,O,Q,Q,Q,Q,Q,Q,Q,Q,Q,Q,Q,Q,Q,Q,Q,Q,Q,Q,Q,Q,90,90,90,270,90,,270,90,90,270,,180,270,180,180,270,180,270,180,180,180,1911.6122752343163,564.6298990452051,272.9133178434948,862.7611531221625,1539.3050819236284,884.1765578462896,1010.6539357167244,1668.5274824075675,1289.8164575511478,1434.2565708199083,2149.356829214884,100.11617666751893,1558.915257981182,1151.665644435251,410.70483584405906,1993.0729273344602,1732.66337306237,663.143439071704,1681.9809685492075,579.0691147664581,1342.6215795013254,1019.118469720294,271.7896158905014,479.5396588118239,732.8283217204737,498.74591628392614,322.93130302483706,589.5294408148641,136.03884317512112,396.56901567693944,614.8631257038772,1131.8357277013324,791.8576408197362,1132.3208792162886,236.0128095080627,109.41852157909993,794.3117461683053,851.9981342596294,841.6483330705529,426.63670588135113,1203.5876529758066,175.26004706057196
true,25,21_absent_61.jpg,21,Q,Q,Q,Q,Q,Q,Q,Q,Q,Q,Q,Q,Q,Q,Q,Q,Q,Q,Q,Q,Q,270,180,,180,90,90,270,270,90,90,,90,180,270,270,270,,,90,90,270,366.9195643631746,1720.6005374440713,162.74961990332187,74.66844347742958,620.7726550811908,2158.780409954221,2003.257790073521,1485.8310198332395,1134.389630489115,939.9809251003902,727.1422777206081,984.963025941499,171.10795090337788,311.5723445853664,615.9379003241974,1989.2810777157868,1779.9799828317641,1177.4621520864755,129.57238217809368,749.9116939789427,454.0990649848629,214.65669038193607,617.1168845138997,268.54376128202404,894.4541609613547,65.56091736977493,634.7259137481174,549.1563383838294,766.9565043845158,851.4070478549801,180.62310634779755,1179.3845818460272,541.4816772543508,1009.5028005649817,1090.363839716002,1075.4265585801684,734.072133061135,1117.6895857178017,1135.953476653295,61.51170635387643,616.3585877142455,697.1778944974194
false,26,21_present_62.jpg,21,O,Q,Q,Q,Q,Q,Q,Q,Q,Q,Q,Q,Q,Q,Q,Q,Q,Q,Q,Q,Q,90,,,,90,270,270,180,,180,,,180,270,,270,90,,270,90,270,1995.5204355960495,1238.8138331643022,635.6555759065826,1484.101296555117,1700.0680628249422,1619.907272318852,2091.377641280344,1037.350889887539,2050.274808545807,740.9509285172632,1606.683891337054,1291.555402928652,363.99560184235946,1665.971716271358,1311.6633689975472,1456.198950713816,1755.8253733079423,1377.2567848786525,851.2359728394864,1179.3713789496562,1850.867486657251,372.23136959357225,600.347006855634,132.42787001239958,557.7245045062363,681.6092581998063,877.7161557758112,231.90320564909246,243.65762803299523,1016.0685593246369,932.6674012846348,1044.8983217531913,795.3420021260285,617.8334831298965,416.44872956989764,303.0852003131515,799.4311117009237,1218.119833072453,123.42806977647031,190.29828677936123,1073.7667455904932,574.2627169524563
true,26,21_absent_62.jpg,21,Q,Q,Q,Q,Q,Q,Q,Q,Q,Q,Q,Q,Q,Q,Q,Q,Q,Q,Q,Q,Q,,180,180,180,180,180,180,270,270,180,180,90,90,270,90,270,180,90,90,180,180,1947.8482394384569,1069.0247781594644,282.62570374209207,2136.673055069942,1723.914836667752,1707.864315473496,630.2177553226749,1412.889659201316,1565.695014340678,2112.077262153367,1756.3245332870802,802.0345377242949,378.5470724473536,1302.4684254514882,955.7889402638677,1250.590679594859,1588.162934634245,1296.7611551671334,718.883551351518,2113.8657455979874,937.58183475649,71.99690716418655,698.6130567294172,398.42939660886753,1117.5713813532977,1199.203968877819,835.5403425722075,581.6438620317305,722.5105983560732,597.953518135497,894.7333010639136,666.5554518951969,657.8913117648236,224.42349094893703,364.2229274831185,808.6960175271457,562.8110919197502,159.4939686676747,1156.325310265342,408.23138053999065,48.53257690733997,464.968057244646
false,27,21_present_63.jpg,21,O,Q,Q,Q,Q,Q,Q,Q,Q,Q,Q,Q,Q,Q,Q,Q,Q,Q,Q,Q,Q,90,90,180,,90,180,270,90,270,180,180,270,90,90,180,270,90,180,90,270,,2150.2531671279053,660.7547933736939,1655.46284857779,1418.3771382258212,2019.4456380014017,591.8227059796881,1334.2007101315992,916.961655063111,1510.509825104327,1126.7374265454416,1033.8393010371904,436.00371504941216,363.03474490538855,1388.9191625143235,1959.9035892488216,1888.2321053029489,848.6378460998654,1121.4643189006817,1327.5894652904453,93.56115543558876,662.5302003778608,565.3491673162314,351.1769104438148,96.62621227286589,350.4822377022537,172.47046171119192,823.3423033609016,776.8613615642433,306.9963873001869,732.8177175836961,424.77639827782576,603.4059148802579,142.95677125724993,874.3344824921354,607.711804350253,840.7431385518679,302.8479898386513,505.4270036814559,1035.3157113728485,1006.8791184579878,684.7506260650113,1068.106483844157
true,27,21_absent_63.jpg,21,Q,Q,Q,Q,Q,Q,Q,Q,Q,Q,Q,Q,Q,Q,Q,Q,Q,Q,Q,Q,Q,180,270,180,,90,270,,90,180,270,90,,,270,,90,270,90,,,270,150.82307445400943,1910.8325125996232,1294.4913204486961,508.8116293423463,299.4707270881964,592.4004330376822,703.6998552539598,318.2145257462731,904.2709168830798,433.7091013478644,1111.7893466280666,1708.9129684563572,845.7258020374702,724.9932404877545,1202.9302289479099,1088.7154508088722,2011.9456468997707,247.13640159221333,1134.7419097346403,1441.0881566420603,2133.796861195628,165.851724534187,443.56959554384736,274.5286365777086,979.1893369225091,242.6075944407216,789.3247258284175,262.5256119224084,609.0528411209978,1197.1757949799317,775.6966414271152,724.9597977849892,1007.1510490032159,905.3337538132397,87.9108112169491,77.0068608550567,889.3637835904394,191.79836253982674,1207.208809734793,1038.020870542956,1133.5017328439556,1097.5006548822337
false,28,21_present_64.jpg,21,O,Q,Q,Q,Q,Q,Q,Q,Q,Q,Q,Q,Q,Q,Q,Q,Q,Q,Q,Q,Q,180,,90,,180,90,,180,180,90,180,90,270,90,90,,180,90,180,90,180,2085.5411101925874,1693.747555390085,976.6501921530928,1325.7516941610254,1544.3548335010303,2163.41527674832,1700.6671030740195,525.4318833371374,1125.0213242624695,764.2115166339046,1452.64069046794,1334.9727233708281,108.40534380097138,2100.7678656629173,740.7149762425083,1921.9890612658023,870.3068740731107,2137.945535989462,2144.67456342594,1432.858403541321,1541.4790517542851,940.0747658220477,1047.907397377107,1173.9071627519145,217.9004037081675,325.1753693105955,444.9167295024981,811.1293824353457,473.08465957401125,766.2763601122732,142.30099939467277,44.397380599247306,643.9928165512093,815.4797348662804,1148.2837000000875,986.0278334350861,969.1589000345191,623.6045851475847,595.4083964143903,202.63175957042552,1042.3816380217945,575.9344402933389
true,28,21_absent_64.jpg,21,Q,Q,Q,Q,Q,Q,Q,Q,Q,Q,Q,Q,Q,Q,Q,Q,Q,Q,Q,Q,Q,90,270,,180,90,90,270,180,270,180,270,,270,270,,270,270,270,90,90,270,1779.8124341636128,1611.0617980523596,292.41329302655316,1832.4936109595012,1031.0629710141475,33.02308222125032,537.6998055192812,2125.9740461339074,1472.8399982999701,426.453180575342,1940.753153372264,791.43362223854,225.50150599362223,1195.8678066902498,1107.6711735066947,350.18993646669696,149.69347376677013,268.47379797475105,716.6112968359072,880.2281419941609,1265.4237993105953,784.5684250271082,487.61915298893985,358.2774713120401,192.21660130917724,499.75910841752153,1183.0597684507034,1132.3525439568286,367.0171508716438,188.67048055001194,891.8046750400607,986.3008067463317,269.2780977409115,100.36441286220138,601.7603190209261,1171.8315832797707,191.6239890664351,531.1892236660728,1157.2952665638506,447.5788479045312,418.18821113842716,891.4621822828109
false,29,21_present_65.jpg,21,O,Q,Q,Q,Q,Q,Q,Q,Q,Q,Q,Q,Q,Q,Q,Q,Q,Q,Q,Q,Q,270,,90,90,270,90,90,90,180,270,,180,180,,90,180,90,180,270,,,1817.9068898717674,1239.807179674245,1793.5739122838218,2034.3759478415705,545.7992495896723,1265.264962193093,823.8310113800063,376.6150247114458,857.3912341034724,629.8731947842829,393.0218586369306,1511.127424453393,797.8127659815909,1839.159642208167,293.4537450807639,1095.6724591756245,1485.429846521955,1416.7367485353411,325.9108854614425,1340.314678589982,997.5912536798158,80.11984762095553,209.4206879685964,522.1278369124622,997.5198316821318,666.855388060154,888.1570187347157,955.8115633402311,1065.321652232291,243.70641415705524,152.56388515829556,54.02919989135335,38.156286970630894,789.8264170291606,752.3594237669992,250.2230157160773,88.77086635829423,854.0797080489457,224.66702347492844,613.6304957878083,736.1459974600582,423.9769545139824
true,29,21_absent_65.jpg,21,Q,Q,Q,Q,Q,Q,Q,Q,Q,Q,Q,Q,Q,Q,Q,Q,Q,Q,Q,Q,Q,270,180,180,90,180,270,180,180,90,90,270,90,90,270,270,180,180,270,,90,,1739.3640970565425,906.2942179668373,1883.9283482215874,759.5878106379339,1405.6754580016466,2124.555288891682,129.00372657546137,1048.9483710991503,1462.1697748682031,913.3076347816923,566.6924906379437,1611.8895382800736,1302.8506028192962,321.9072420117175,1766.958077203484,1877.2230956007213,697.1981809148871,1627.2135962455504,462.698597442593,57.34158991519136,418.4459392212108,717.1595681904345,1149.312611478428,946.0163946891042,392.483996893489,556.2368801063036,540.1298530190704,214.2445607988258,926.7387365347068,398.70966650206117,791.817255477914,1026.5935905749866,1145.3197262338952,1166.7256164536439,736.9687020143026,507.35270827554774,183.24036093502306,820.5660163708282,359.8860104776591,615.4515825234702,824.6776794535465,942.3156846737552
false,30,21_present_66.jpg,21,O,Q,Q,Q,Q,Q,Q,Q,Q,Q,Q,Q,Q,Q,Q,Q,Q,Q,Q,Q,Q,,,90,180,,,,90,270,90,90,90,270,90,180,90,180,270,180,90,180,1984.4959208794041,86.19562121803348,427.4041844461627,326.3968427498991,1853.1242102475596,1508.2051099219643,849.143816702886,860.6808176830333,1103.4439729993867,1409.4498098201022,1830.139574089083,875.432849454495,1664.698949392846,1951.4697586390064,857.4737092265885,1789.3769673891265,574.036775398027,2126.1404599960742,1661.818500453949,1380.0393275738456,224.87611138829178,36.13590160697622,705.1219980907753,223.70517725303546,58.642696222778454,120.24660511612161,38.6013921838152,571.2501744856669,209.48205634375745,281.4629597853693,376.50096504969395,639.0494237099862,1177.2796235527858,529.225543135451,348.81523009682223,860.6814827236103,385.9673162294344,1097.9380655595037,1149.2472736512466,995.7092793795957,1026.1411782342336,192.2065777662474
true,30,21_absent_66.jpg,21,Q,Q,Q,Q,Q,Q,Q,Q,Q,Q,Q,Q,Q,Q,Q,Q,Q,Q,Q,Q,Q,90,,90,270,,90,90,,90,270,180,90,,270,90,90,270,,,,180,1524.722389737055,1196.5604331808543,1127.9330522142657,705.4735777678643,1472.591514318543,1852.3837208675545,75.92267559091658,634.6961883637086,860.9919088958429,1934.2600921150122,1578.0654498707013,933.4480569819124,965.4001896394094,1114.128621361518,500.8445814483684,1285.2302196293049,567.0934511002698,1775.2982506910103,1295.7798444340117,1612.1491803109507,1806.1007466056358,770.9072149167868,361.85631503648756,609.983188665815,655.9428083590308,41.52912784450346,468.81671389021136,1071.7875748724537,168.8705610871552,1081.9094957241557,277.6616452442285,203.04983319017117,305.2638115942413,938.6371099461182,1101.2253710505197,329.68289739285143,592.1652508556888,869.4301473553445,768.8894573736699,181.26997825082174,403.1745858667668,1062.8395606521335
false,31,21_present_67.jpg,21,O,Q,Q,Q,Q,Q,Q,Q,Q,Q,Q,Q,Q,Q,Q,Q,Q,Q,Q,Q,Q,,270,90,90,180,90,180,180,90,90,,180,,180,,180,180,,180,180,90,1148.2884238109837,1295.9318948290918,1448.1011759821345,448.09940444450615,1687.0714652857785,1145.533302601172,850.4697193057699,247.79411683249486,144.97499523831996,1290.9689030258276,638.3275555825556,2146.796446341042,1044.2311130603791,1941.8010218007178,1535.4284014117263,763.582474702226,192.2191980349226,894.4316990572763,510.4227363631328,332.9390418571336,44.458976388788905,863.9430294141346,392.83378492525696,1022.3194292831034,116.74529767261383,835.5207911226878,191.50259546259375,560.3281339275085,835.2810188279377,1182.9932722553322,605.44410174242,354.863624791491,1045.9845085669117,683.0669658311922,920.3375019813151,324.2544476754808,85.7198745089896,296.60309517472007,897.7587701987471,762.3996702265462,625.4458271635801,50.09185013965883
true,31,21_absent_67.jpg,21,Q,Q,Q,Q,Q,Q,Q,Q,Q,Q,Q,Q,Q,Q,Q,Q,Q,Q,Q,Q,Q,90,,,,90,270,180,,,90,,,180,,270,180,90,180,180,,90,2075.4133399739376,1163.882899894977,1720.851067021864,114.51160734850627,819.503209623318,1796.7505300793619,648.8069387616767,1907.3332387684773,1960.2013991873314,1456.4780823721776,612.8644233658249,1375.6857949558973,1445.0588604515174,348.3916988155133,740.9179712326318,2158.2586999044233,226.6001021546602,991.4761366677675,764.4848524315489,2135.435550641344,161.55120133196488,353.4841343043299,658.1654332175497,123.49307525745756,937.7141596715957,1087.1709378596256,667.4814364605488,207.35883487596058,1070.9553244503888,649.4179824663729,105.63219537809448,696.5332172118035,1192.356464461114,422.9473864397612,631.0473424018606,478.0946741496089,832.2004315278886,87.15163495159412,455.8787225935757,834.5711894935342,561.1186364123438,409.2212675219728
false,32,21_present_68.jpg,21,O,Q,Q,Q,Q,Q,Q,Q,Q,Q,Q,Q,Q,Q,Q,Q,Q,Q,Q,Q,Q,270,,270,180,270,,,180,90,270,270,90,270,90,180,180,270,90,180,180,270,1181.5112521908768,1956.95461975999,1837.3995591707758,727.569250000133,1506.1400237421371,2057.22799442922,967.1437121307225,395.04034565261486,343.2491424689302,269.93525209583515,138.9343419735514,2076.2541000867577,1851.2255859658699,1285.2864127191067,565.2180443008044,1067.5605660653646,477.87386108379053,511.5572342052742,121.38392688956844,1123.599649952717,1598.7405460391328,229.60958056039982,946.3688696367617,820.4635014765996,495.72959522990317,777.5865040528535,185.51091001707653,394.4781474768991,886.0206068364523,438.65693200976165,1089.3811626191289,352.4715741679735,365.0163753941332,1213.7230966574955,771.9182089312574,153.27051597985226,990.9893521749741,319.292044895495,998.5330823210293,927.2789695785699,772.8962127067093,174.34913315677952
true,32,21_absent_68.jpg,21,Q,Q,Q,Q,Q,Q,Q,Q,Q,Q,Q,Q,Q,Q,Q,Q,Q,Q,Q,Q,Q,270,,,,180,90,90,180,270,,180,90,,90,270,180,180,,270,180,90,1004.062382272746,114.36958409662803,1739.1539619828482,2059.2016987758648,1181.3759233105586,796.4290488766701,1827.192408381983,826.1348575130835,2093.6718241402255,2013.5395904568913,1405.4561650825237,984.6871166020494,789.6562898621015,1444.8134405081205,1856.0283768624035,1001.659962270866,731.1846113363738,377.8229938684602,1370.1440598532024,71.87138683747803,572.8029548584724,321.4484276572313,646.4979762021255,362.44119504285607,289.4396903784438,552.0367595042705,311.99026585822605,100.40868461108022,69.66653139156121,1002.5296385237023,780.5319999482521,565.1841840486011,601.2120061559057,531.2617646622575,297.1908025837,839.8313390600337,925.2870098034786,1027.2828514662863,534.6612329937255,107.85358884026041,876.1770270061853,849.5090344989725
false,33,21_present_69.jpg,21,O,Q,Q,Q,Q,Q,Q,Q,Q,Q,Q,Q,Q,Q,Q,Q,Q,Q,Q,Q,Q,180,,270,,180,270,270,90,270,90,180,90,270,180,90,270,180,180,270,,,699.2153685323793,2010.534991909125,145.97520405342271,1389.0386864342174,646.1880975880669,544.4239988213055,2084.552155539684,878.3551146097744,111.35249277249488,2057.6162569786725,810.9802091435758,1673.345596479051,729.6189446863464,253.28100217798325,1221.081837608459,420.1693520122662,1032.3858691069352,412.09128458416114,556.4907292626879,1812.1005693015113,1161.5009874181633,573.3481647441168,1200.5120123012478,1196.5392501207095,1163.6715502531122,39.78933930516904,1027.077057843079,71.03937668522519,278.7015800069748,943.0142570900699,840.7433149923246,1175.7411549723358,763.5693141159117,834.7111235368684,866.0759743674964,352.1275750409433,788.6423998528833,103.43456997221473,1130.865726354213,424.2201379034502,956.4623663469657,1182.08293623883
true,33,21_absent_69.jpg,21,Q,Q,Q,Q,Q,Q,Q,Q,Q,Q,Q,Q,Q,Q,Q,Q,Q,Q,Q,Q,Q,,90,,270,180,,180,180,270,90,270,270,270,90,,,270,,270,270,,1999.6244321947395,1045.5959504458795,1287.337939802805,643.8966067180478,334.93296463117804,1208.521663984583,1550.955062702865,103.90300165672852,1988.5425529599772,2035.6198314315582,381.12203414528494,1664.9394859505376,1763.5420107843117,1440.5120033349688,2167.5130488811546,1045.1967459811935,1270.8115905748305,608.8541136276082,1612.4766191732542,663.2642935617633,72.5641122882156,363.7903204841692,964.5133688462831,585.1154848493617,314.393666274892,814.0832898314112,951.0359402799928,120.89218680322533,813.726221405005,1103.4769908720668,163.8926668411861,333.117820219144,218.94130425921892,1140.48344831912,352.1438130942883,669.2042583077168,729.172063527124,1120.8748324936446,846.445929398526,661.7115605266516,1009.9542885040139,1202.5275836832109
false,34,21_present_70.jpg,21,O,Q,Q,Q,Q,Q,Q,Q,Q,Q,Q,Q,Q,Q,Q,Q,Q,Q,Q,Q,Q,180,,270,90,,,,,90,90,180,,,90,90,,90,180,,90,270,408.77537330360167,1767.9602399912203,307.39153337347733,1488.3319241827583,738.4714274219466,925.2654404368083,1259.9240752015244,270.3519309335594,2156.607456038372,1531.4905773785977,73.33770854802984,644.5725777185738,1786.9770940950964,153.68748279474354,216.97326563518592,1998.395335895874,2050.0768066412124,1530.2693293527705,1524.9955026710913,1166.434856521967,1959.2649900374718,921.6680695532631,227.56550499457268,594.95663246141,183.25184799909107,70.22575886936832,835.9780677596301,1046.80365525028,1108.4700842519194,353.30514957561314,783.6088090282752,494.3022643716166,617.1839768354514,1016.55364459946,629.1120863922115,88.30790120606835,912.4455656066505,623.0623396015151,537.2876801393314,998.0344445041783,174.15081557838442,406.94549267423633
true,34,21_absent_70.jpg,21,Q,Q,Q,Q,Q,Q,Q,Q,Q,Q,Q,Q,Q,Q,Q,Q,Q,Q,Q,Q,Q,270,180,,180,,90,,180,,90,270,180,270,180,180,,270,180,,270,270,610.4824571539747,1698.5041723087154,1251.328255432397,2065.3269295602922,1089.951232098064,70.86842933207356,653.1316025271366,456.1642363648785,1911.7371301195055,987.4869837646434,1651.5633451748429,1366.9644470835444,1364.9127842051626,285.1737086842941,2081.3040581281484,901.1601587949547,1141.8225014567015,646.5814218295051,1505.4595427039353,30.42065972306802,2083.0503689504094,650.1577807940154,80.71810035535948,1046.4960283666721,1130.7743415751427,915.7831029513463,579.3427449036728,1058.5699945699337,253.23809083513865,161.6437760688455,697.6292808998307,1031.8509256309273,452.94298069324725,746.0584752635974,1185.0732738011288,101.69344209211035,1088.4401553537873,1177.1161053047647,801.3241022305542,978.9804480425063,725.3013926120311,388.68553630136057
false,35,21_present_71.jpg,21,O,Q,Q,Q,Q,Q,Q,Q,Q,Q,Q,Q,Q,Q,Q,Q,Q,Q,Q,Q,Q,,,180,,270,270,270,,270,,,270,270,180,90,270,,,,180,,892.2251958493231,986.7584148041016,1808.6046398833194,656.8661330313626,899.3115821507743,1098.5680389579773,1265.8389439143043,1280.2610797042869,397.3186106860505,250.44710321706037,2105.6469333538766,1638.4140180340319,1296.081984986446,221.23065263716134,1506.1440360476631,1736.167820242784,589.9516869175891,402.16576485376214,1049.9501140415764,140.95618681791944,525.5897177112399,147.6127998753432,972.8060229145897,276.536335023749,56.688901426839024,379.3318680591995,60.912173176737305,473.27147073359276,206.40498823195406,607.9771142402279,727.3186952473626,97.85874343807677,440.49573477249857,661.9211541111086,461.52287249137333,66.23063194706985,560.397302001564,333.4577172028952,1043.9315409500946,453.9031310459252,218.71343476692672,807.1318319550144
true,35,21_absent_71.jpg,21,Q,Q,Q,Q,Q,Q,Q,Q,Q,Q,Q,Q,Q,Q,Q,Q,Q,Q,Q,Q,Q,180,90,180,180,180,180,270,270,270,90,270,90,90,90,270,90,90,270,270,,90,1289.2154033156937,444.0169232591371,568.9940564082699,1657.240456540403,163.78064076204404,2057.734091347614,1794.463009361253,1079.3428022893554,583.058559124033,2101.5098672604026,1785.1796527285546,457.8283026255681,766.2782793341532,357.88417395220563,635.6871442163289,1469.9678427362057,1890.7725845537727,744.5073191583749,1017.2487164629902,151.99857983456542,1617.673883190097,665.7481428125603,322.85659507924584,638.7155546204274,1016.084804316619,1105.1907141015818,937.1179057474255,835.7088164093713,994.6087603648459,1018.9042222195493,599.4155155697086,97.94179779719443,1116.1944334222628,983.7086408415777,447.63806901768316,241.00110782385832,183.93199447146569,220.10277328701756,820.2328669207615,227.33249200580397,689.6403712215779,478.5232212764512
false,36,21_present_72.jpg,21,O,Q,Q,Q,Q,Q,Q,Q,Q,Q,Q,Q,Q,Q,Q,Q,Q,Q,Q,Q,Q,90,270,270,180,180,270,90,180,90,180,180,180,90,,90,,,,180,180,,426.7428811604963,1135.000627640593,179.6357377039186,498.61388394846847,1784.0179704770067,1392.0809721709184,598.2173292095043,2132.7590380936754,735.017710999141,227.7176439058616,1527.8426853731678,282.9548752287704,520.1377591244608,1244.7503130813252,315.95792114220575,1729.8836025810579,942.9627248043209,907.3981468173015,1186.9582191964305,2079.5709411786743,1094.0289865655411,330.0012705082991,426.00848804682926,505.2948794631706,595.8034936360018,817.5788629414924,519.2647318494389,434.75835195428414,761.9004246901759,596.8486862528449,827.7159789295255,603.3664039750605,626.2354622854988,874.6828289426164,697.1158493187371,952.5519598340901,467.1676335726935,262.95052822369854,1190.231093747343,1087.5443838956853,153.71282486681875,192.21278533560064
true,36,21_absent_72.jpg,21,Q,Q,Q,Q,Q,Q,Q,Q,Q,Q,Q,Q,Q,Q,Q,Q,Q,Q,Q,Q,Q,,270,90,180,,90,270,270,90,,180,90,270,90,,,90,270,270,90,90,1524.592201706227,1968.6630843993094,657.2626589593556,539.6947438856688,1152.799418689984,1730.3796240210381,722.8482102403079,1771.9873196197084,762.5916975962705,2164.7387642000717,497.208951494103,1345.993148901927,1946.5071217024517,820.4555977755113,160.2031523369859,694.3823897412854,362.04134634728985,632.2126966169991,1997.8430827055338,70.07526865030039,904.8933421544086,743.8972807178212,427.9431235591438,583.7712860175806,488.19587633266104,260.67871048939736,1096.4569598420587,879.4836037670095,568.3577439942592,303.92089867484486,744.4791355874913,772.3674993499643,56.62166179490058,663.670482911722,1205.7504596868262,1085.3288586883145,154.4684220027956,391.44044211624623,1196.8104416665492,66.05461759700975,561.216919325987,129.59891551210745